Hero Name,Bad Against,Good Against,Works Well With
Abaddon,"Ancient Apparition,
Axe,
Brewmaster,
Doom,
Lina,
Lion,
Mars,
Outworld Devourer,
Silencer,
Shadow Demon","Death Prophet,
Mirana,
Bane,
Batrider,
Beastmaster,
Chen,
Techies,
Bloodseeker,
Necrophos,
Nyx Assassin","Storm Spirit,
Phantom Assassin,
Io,
Axe,
Legion Commander,
Centaur Warrunner,
Oracle"
Alchemist,"Ancient Apparition,
Enchantress,
Invoker,
Kunkka,
Lifestealer,
Necrophos,
Slardar,
Slark,
Ursa,
Ember Spirit,
Razor","Broodmother,
Nature's Prophet,
Phoenix,
Undying,
Huskar",Oracle
Axe,"Doom,
Jakiro,
Lifestealer,
Necrophos,
Outworld Devourer,
Phoenix,
Pugna,
Shadow Demon,
Spectre,
Timbersaw,
Ursa,
Undying,
Venomancer,
Viper","Anti-Mage,
Broodmother,
Chaos Knight,
Dazzle,
Huskar,
Nature's Prophet,
Phantom Assassin,
Phantom Lancer,
Slark,
Terrorblade,
Troll Warlord,
Weaver","Dark Seer,
Dazzle,
Enigma,
Disruptor,
Magnus,
Phoenix,
Sand King,
Skywrath Mage,
Tiny,
Venomancer,
Witch Doctor"
Beastmaster,"Abaddon,
Enchantress,
Earthshaker,
Keeper of the Light,
Oracle,
Timbersaw,
Winter Wyvern","Monkey King,
Phoenix,
Sven,
Templar Assassin,
Tinker,
Tiny,
Troll Warlord,
Ursa,
Wraith King","Lifestealer,
Nature's Prophet,
Phantom Assassin,
Spirit Breaker,
Sven,
Tinker,
Tiny,
Underlord,
Ursa"
Brewmaster,"Bane,
Death Prophet,
Lion,
Outworld Devourer,
Shadow Shaman,
Skywrath Mage","Huskar,
Lone Druid,
Lycan,
Templar Assassin,
Ursa","Dazzle,
Oracle,
Tiny,
Invoker"
Bristleback,"Anti-Mage,
Doom,
Faceless Void,
Grimstroke,
Legion Commander,
Lich,
Lion,
Necrophos,
Outworld Devourer,
Razor,
Silencer,
Slardar,
Timbersaw,
Viper,
Weaver","Arc Warden,
Broodmother,
Chaos Knight,
Huskar,
Jakiro,
Luna,
Lycan,
Meepo,
Phantom Lancer,
Pudge,
Riki,
Rubick,
Sand King","Crystal Maiden,
Dazzle,
Drow Ranger,
Keeper of the Light,
Skywrath Mage,
Venomancer"
Centaur Warrunner,"Disruptor,
Lifestealer,
Necrophos,
Nyx Assassin,
Templar Assassin","Arc Warden,
Doom,
Nyx Assassin,
Phantom Assassin,
Phantom Lancer,
Sniper,
Windranger","Abaddon,
Mirana,
Sven,
Tusk,
Tiny,
Vengeful Spirit,
Grimstroke"
Chaos Knight,"Abaddon,
Tinker,
Axe,
Lion,
Brewmaster,
Dragon Knight,
Earthshaker,
Enigma,
Jakiro,
Lich,
Magnus,
Monkey King,
Phantom Lancer,
Omniknight,
Pugna,
Sand King,
Sven,
Tidehunter,
Timbersaw,
Winter Wyvern,
Witch Doctor,
Puck","Bane,
Bounty Hunter,
Disruptor,
Lone Druid,
Pudge,
Rubick,
Silencer,
Slark,
Techies,
Ursa,
Viper","Crystal Maiden,
Keeper of the Light,
Morphling,
Shadow Demon"
Clockwerk,"Anti-Mage,
Chen,
Clinkz,
Dazzle,
Disruptor,
Ember Spirit,
Huskar,
Juggernaut,
Lifestealer,
Morphling,
Omniknight,
Phantom Lancer,
Phoenix,
Queen of Pain,
Terrorblade,
Ursa,
Visage","Earthshaker,
Drow Ranger,
Legion Commander,
Monkey King,
Pudge,
Pugna,
Sniper,
Spirit Breaker,
Tinker,
Windranger","Dark Seer,
Invoker,
Lifestealer,
Mirana,
Shadow Demon"
Doom,"Alchemist,
Centaur Warrunner,
Drow Ranger,
Lifestealer,
Lone Druid,
Medusa,
Necrophos,
Phantom Lancer,
Sniper,
Viper,
Wraith King","Axe,
Timbersaw,
Anti-Mage,
Bristleback,
Tidehunter,
Ember Spirit,
Invoker,
Omniknight,
Tinker,
Elder Titan,
Faceless Void,
Arc Warden","Ancient Apparition,
Crystal Maiden,
Grimstroke,
Sven,
Bane"
Dragon Knight,"Ancient Apparition,
Bristleback,
Lich,
Necrophos,
Ursa,
Outworld Devourer,
Razor,
Timbersaw,
Viper","Bloodseeker,
Clinkz,
Riki,
Spirit Breaker,
Templar Assassin,
Witch Doctor","Chen,
Crystal Maiden,
Enigma,
Magnus,
Medusa,
Treant Protector,
Vengeful Spirit"
Earth Spirit,"Abaddon,
Lycan,
Techies","Pudge,
Tinker,
Invoker,
Templar Assassin,
Enigma","Alchemist,
Bloodseeker,
Dark Seer,
Faceless Void,
Lifestealer,
Techies"
Earthshaker,"Clockwerk,
Death Prophet,
Disruptor,
Earth Spirit,
Jakiro,
Lifestealer,
Necrophos,
Outworld Devourer,
Puck,
Razor,
Skywrath Mage,
Sniper,
Spectre,
Templar Assassin,
Venomancer,
Viper,
Zeus","Broodmother,
Chaos Knight,
Enigma,
Legion Commander,
Meepo,
Naga Siren,
Nature's Prophet,
Phantom Lancer,
Spirit Breaker","Dark Seer,
Enigma,
Magnus,
Naga Siren,
Puck,
Sand King"
Elder Titan,"Brewmaster,
Clockwerk,
Lich,
Lion,
Sven,
Juggernaut,
Enchantress,
Earthshaker","Morphling,
Slark,
Terrorblade,
Viper,
Phantom Lancer,
Meepo","Disruptor,
Faceless Void,
Kunkka,
Slardar,
Luna"
Huskar,"Abaddon,
Alchemist,
Ancient Apparition,
Axe,
Bristleback,
Enchantress,
Bloodseeker,
Juggernaut,
Lifestealer,
Naga Siren,
Slardar,
Ursa,
Windranger,
Necrophos","Weaver,
Clockwerk,
Dragon Knight,
Earthshaker,
Ember Spirit,
Nature's Prophet,
Phoenix","Ancient Apparition,
Beastmaster,
Dazzle,
Omniknight,
Oracle,
Necrophos,
Pugna,
Terrorblade,
Witch Doctor"
Io,"Ancient Apparition,
Bloodseeker,
Bristleback,
Clinkz,
Disruptor,
Grimstroke,
Legion Commander,
Leshrac,
Lich,
Luna,
Phantom Assassin,
Sniper,
Spirit Breaker,
Treant Protector,
Winter Wyvern","Drow Ranger,
Meepo,
Nature's Prophet,
Phoenix,
Pudge,
Underlord","Chaos Knight,
Gyrocopter,
Juggernaut,
Legion Commander,
Lifestealer,
Phantom Assassin,
Spirit Breaker,
Sven,
Tiny,
Ursa"
Kunkka,"Clinkz,
Ursa,
Silencer,
Mirana,
Phoenix,
Omniknight,
Huskar,
Juggernaut,
Lifestealer,
Sniper,
Outworld Devourer","Chaos Knight,
Broodmother,
Lycan,
Meepo,
Phantom Lancer,
Queen of Pain,
Spectre,
Sand King,
Warlock","Dark Seer,
Faceless Void,
Huskar,
Lifestealer,
Slark,
Warlock"
Legion Commander,"Abaddon,
Bane,
Dazzle,
Dragon Knight,
Io,
Mars,
Medusa,
Night Stalker,
Omniknight,
Oracle,
Pangolier,
Pugna,
Razor,
Skywrath Mage,
Sven,
Treant Protector,
Underlord,
Ursa,
Visage,
Vengeful Spirit,
Winter Wyvern","Anti-Mage,
Bristleback,
Broodmother,
Chen,
Clinkz,
Drow Ranger,
Huskar,
Nyx Assassin,
Sniper,
Terrorblade,
Weaver","Ancient Apparition,
Disruptor,
Invoker,
Lifestealer,
Mirana,
Shadow Fiend,
Silencer,
Skywrath Mage,
Ursa,
Witch Doctor,
Zeus"
Lifestealer,"Ancient Apparition,
Bane,
Beastmaster,
Chaos Knight,
Clinkz,
Terrorblade,
Phantom Lancer,
Slark,
Ursa,
Weaver","Techies,
Tinker","Clockwerk,
Queen of Pain,
Riki,
Slardar,
Spirit Breaker,
Storm Spirit,
Beastmaster"
Lycan,"Axe,
Beastmaster,
Bloodseeker,
Bristleback,
Kunkka,
Omniknight,
Phantom Assassin,
Sven,
Timbersaw,
Faceless Void","Lich,
Techies,
Arc Warden,
Drow Ranger,
Ursa","Beastmaster,
Broodmother,
Chen,
Nature's Prophet"
Magnus,"Alchemist,
Bloodseeker,
Disruptor,
Huskar,
Jakiro,
Night Stalker,
Phoenix,
Razor,
Rubick,
Sniper,
Spectre,
Treant Protector,
Tinker,
Venomancer,
Wraith King,
Zeus","Chaos Knight,
Meepo,
Lifestealer,
Phantom Lancer","Snapfire,
Anti-Mage,
Enigma,
Phantom Assassin,
Sven,
Troll Warlord,
Kunkka,
Tiny"
Mars,"Batrider,
Faceless Void,
Huskar,
Lina,
Necrophos,
Ogre Magi,
Oracle,
Outworld Devourer,
Pugna,
Shadow Fiend,
Storm Spirit,
Underlord,
Undying,
Ursa,
Venomancer,
Viper,
Zeus",None,"Huskar,
Crystal Maiden,
Disruptor,
Keeper of the Light,
Kunkka,
Lich,
Monkey King,
Phoenix,
Riki,
Sven"
Night Stalker,"Chaos Knight,
Lycan,
Naga Siren,
Phantom Lancer,
Sven,
Troll Warlord,
Underlord","Anti-Mage,
Earth Spirit,
Luna,
Storm Spirit,
Puck,
Clinkz,
Earthshaker,
Keeper of the Light,
Tinker,
Riki,
Slark","Oracle,
Luna,
Magnus"
Omniknight,"Brewmaster,
Doom,
Invoker,
Luna,
Naga Siren,
Oracle,
Outworld Devourer,
Rubick,
Silencer","Axe,
Chaos Knight,
Death Prophet,
Juggernaut,
Legion Commander,
Winter Wyvern","Clockwerk,
Crystal Maiden,
Keeper of the Light,
Pudge,
Storm Spirit"
Phoenix,"Night Stalker,
Arc Warden,
Huskar,
Ursa,
Silencer,
Meepo,
Bloodseeker,
Viper,
Necrophos","Templar Assassin,
Phantom Assassin,
Legion Commander,
Monkey King,
Chen,
Earthshaker,
Ancient Apparition,
Shadow Demon","Enigma,
Faceless Void,
Invoker,
Keeper of the Light,
Lifestealer,
Sven,
Tinker,
Treant Protector,
Warlock"
Pudge,"Abaddon,
Anti-Mage,
Bristleback,
Bounty Hunter,
Dazzle,
Doom,
Legion Commander,
Lifestealer,
Mirana,
Monkey King,
Night Stalker,
Nyx Assassin,
Outworld Devourer,
Slardar,
Slark,
Tidehunter,
Timbersaw,
Weaver","Bloodseeker,
Crystal Maiden,
Drow Ranger,
Luna,
Sniper,
Spectre,
Techies,
Tinker,
Zeus","Techies,
Pugna,
Outworld Devourer,
Lifestealer,
Lion,
Tiny,
Crystal Maiden"
Sand King,"Earth Spirit,
Phoenix,
Rubick,
Silencer,
Tidehunter,
Zeus","Broodmother,
Meepo,
Nature's Prophet,
Phantom Assassin,
Slark,
Templar Assassin","Crystal Maiden,
Keeper of the Light,
Tidehunter,
Tiny,
Monkey King,
Warlock,
Earthshaker"
Slardar,"Oracle,
Abaddon,
Phantom Lancer,
Meepo","Riki,
Clinkz,
Bounty Hunter,
Weaver,
Shadow Fiend,
Alchemist,
Legion Commander,
Pudge","Bounty Hunter,
Vengeful Spirit,
Shadow Fiend,
Alchemist,
Lifestealer,
Phantom Assassin,
Templar Assassin"
Snapfire,"Anti-Mage,
Silencer,
Nyx Assassin,
Ancient Apparition,
Juggernaut,
Abaddon,
Pudge","Chen,
Clockwerk,
Phoenix,
Omniknight,
Faceless Void","Faceless Void,
Oracle,
Warlock,
Mars"
Spirit Breaker,"Omniknight,
Clockwerk,
Ember Spirit,
Faceless Void,
Outworld Devourer,
Enigma,
Invoker,
Medusa,
Meepo,
Razor,
Treant Protector,
Underlord,
Undying","Anti-Mage,
Clinkz,
Keeper of the Light,
Lifestealer,
Nature's Prophet,
Phoenix,
Skywrath Mage,
Tinker,
Ursa","Bloodseeker,
Bounty Hunter,
Io,
Lifestealer,
Dark Seer,
Sand King"
Sven,"Clockwerk,
Enchantress,
Lifestealer,
Necrophos,
Pugna,
Phantom Assassin,
Razor,
Omniknight,
Sniper,
Spectre,
Troll Warlord,
Venomancer,
Winter Wyvern,
Wraith King","Anti-Mage,
Broodmother,
Chaos Knight,
Chen,
Death Prophet,
Doom,
Meepo,
Pangolier,
Phantom Lancer,
Warlock","Crystal Maiden,
Dark Seer,
Enigma,
Io,
Lion,
Magnus,
Oracle,
Shadow Shaman"
Tidehunter,"Anti-Mage,
Nyx Assassin,
Razor,
Rubick,
Slark,
Ursa","Batrider,
Shadow Fiend,
Phantom Lancer,
Windranger","Underlord,
Earthshaker,
Elder Titan,
Shadow Fiend"
Timbersaw,"Bane,
Doom,
Ember Spirit,
Faceless Void,
Invoker,
Lion,
Necrophos,
Outworld Devourer,
Pangolier,
Pugna,
Shadow Shaman,
Skywrath Mage,
Silencer,
Storm Spirit,
Viper,
Zeus","Broodmother,
Chaos Knight,
Meepo,
Monkey King,
Nature's Prophet,
Phantom Assassin,
Phantom Lancer,
Razor,
Slark,
Terrorblade,
Treant Protector","Bounty Hunter,
Crystal Maiden,
Enigma,
Magnus,
Faceless Void"
Tiny,"Bristleback,
Juggernaut,
Lifestealer,
Lion,
Necrophos,
Slardar,
Viper","Broodmother,
Meepo,
Naga Siren","Earthshaker,
Io,
Magnus,
Enigma,
Slardar,
Tidehunter,
Pudge"
Treant Protector,"Monkey King,
Nature's Prophet,
Phantom Lancer,
Rubick,
Slardar,
Timbersaw","Spirit Breaker,
Anti-Mage,
Lycan,
Storm Spirit,
Drow Ranger","Keeper of the Light,
Crystal Maiden,
Mirana,
Nature's Prophet,
Pudge,
Sven,
Warlock"
Tusk,"Anti-Mage,
Disruptor,
Earth Spirit,
Earthshaker,
Phantom Lancer,
Razor,
Techies","Bane,
Bloodseeker,
Crystal Maiden,
Legion Commander,
Pugna,
Shadow Fiend,
Sniper,
Venomancer,
Viper,
Monkey King","Omniknight,
Axe,
Juggernaut,
Legion Commander,
Lifestealer,
Tidehunter,
Tiny,
Meepo"
Underlord,"Necrophos,
Razor,
Luna,
Disruptor,
Kunkka,
Doom,
Sniper,
Outworld Devourer,
Winter Wyvern,
Rubick,
Shadow Fiend,
Ursa","Drow Ranger,
Ember Spirit,
Legion Commander,
Ogre Magi,
Templar Assassin,
Phantom Lancer","Disruptor,
Dragon Knight,
Elder Titan,
Leshrac,
Mirana,
Riki,
Rubick,
Timbersaw,
Vengeful Spirit"
Undying,"Alchemist,
Earthshaker,
Gyrocopter,
Luna,
Necrophos,
Silencer","Nature's Prophet,
Spectre,
Ogre Magi,
Centaur Warrunner,
Winter Wyvern,
Sven,
Bristleback","Broodmother,
Crystal Maiden,
Morphling,
Naga Siren,
Pugna,
Warlock,
Winter Wyvern,
Lich,
Witch Doctor"
Wraith King,"Anti-Mage,
Broodmother,
Chaos Knight,
Juggernaut,
Invoker,
Lion,
Monkey King,
Phantom Lancer,
Riki,
Slark,
Terrorblade,
Weaver","Bloodseeker,
Doom,
Legion Commander,
Necrophos,
Rubick,
Techies,
Witch Doctor","Ursa,
Troll Warlord,
Bloodseeker"
Anti-Mage,"Axe,
Bane,
Bloodseeker,
Disruptor,
Doom,
Grimstroke,
Legion Commander,
Meepo,
Night Stalker,
Outworld Devourer,
Phantom Assassin,
Slardar,
Slark,
Shadow Demon,
Templar Assassin,
Troll Warlord,
Viper","Ancient Apparition,
Abaddon,
Arc Warden,
Bristleback,
Clockwerk,
Elder Titan,
Medusa,
Ogre Magi,
Phoenix,
Pugna,
Rubick,
Spectre,
Storm Spirit,
Tidehunter,
Undying,
Venomancer,
Wraith King,
Zeus","Bane,
Bounty Hunter,
Dazzle,
Dark Seer,
Invoker,
Lion,
Magnus,
Oracle,
Shadow Demon,
Slardar,
Treant Protector"
Arc Warden,"Anti-Mage,
Chaos Knight,
Meepo,
Naga Siren,
Phantom Assassin,
Riki,
Phantom Lancer","Mirana,
Terrorblade,
Phoenix,
Sniper,
Templar Assassin,
Drow Ranger,
Enchantress","Ancient Apparition,
Drow Ranger"
Bloodseeker,"Abaddon,
Dazzle,
Ember Spirit,
Faceless Void,
Medusa,
Morphling,
Omniknight,
Storm Spirit,
Techies,
Tinker,
Troll Warlord,
Underlord,
Wraith King","Anti-Mage,
Clinkz,
Huskar,
Lycan,
Meepo,
Mirana,
Pangolier,
Phoenix,
Queen of Pain,
Riki,
Slark,
Sniper,
Timbersaw,
Vengeful Spirit,
Weaver,
Windranger","Ancient Apparition,
Batrider,
Bounty Hunter,
Earthshaker,
Earth Spirit,
Grimstroke,
Invoker,
Jakiro,
Magnus,
Nature's Prophet,
Phoenix,
Queen of Pain,
Venomancer,
Warlock,
Zeus"
Bounty Hunter,"Bloodseeker,
Death Prophet,
Luna,
Rubick,
Slardar,
Spectre,
Spirit Breaker,
Venomancer,
Viper,
Zeus","Sniper,
Nyx Assassin,
Shadow Fiend,
Pudge","Invoker,
Nature's Prophet,
Tinker,
Spectre,
Zeus"
Broodmother,"Bristleback,
Dark Seer,
Dragon Knight,
Legion Commander,
Lina,
Mars,
Meepo,
Necrophos,
Pangolier,
Sand King,
Sven,
Tidehunter,
Timbersaw","Chen,
Drow Ranger,
Enchantress,
Nature's Prophet,
Phantom Assassin,
Sniper,
Treant Protector","Beastmaster,
Dazzle,
Lifestealer"
Clinkz,"Bloodseeker,
Bounty Hunter,
Doom,
Enchantress,
Lion,
Morphling,
Slardar,
Spectre,
Spirit Breaker,
Treant Protector,
Winter Wyvern,
Zeus","Anti-Mage,
Ember Spirit,
Huskar,
Nature's Prophet,
Viper","Drow Ranger,
Omniknight,
Vengeful Spirit"
Drow Ranger,"Faceless Void,
Tinker,
Tusk,
Axe,
Clockwerk,
Huskar,
Lycan,
Riki,
Phantom Lancer,
Pudge,
Chaos Knight,
Nyx Assassin,
Omniknight,
Razor,
Slark","Ember Spirit,
Juggernaut,
Anti-Mage,
Weaver,
Mirana,
Rubick","Visage,
Windranger,
Vengeful Spirit,
Medusa,
Enigma,
Clockwerk"
Ember Spirit,"Lion,
Shadow Fiend,
Silencer,
Storm Spirit,
Faceless Void,
Omniknight,
Outworld Devourer,
Nyx Assassin,
Kunkka","Meepo,
Chaos Knight,
Terrorblade,
Crystal Maiden,
Nature's Prophet,
Phantom Lancer","Magnus,
Keeper of the Light,
Dazzle,
Faceless Void"
Faceless Void,"Abaddon,
Brewmaster,
Earth Spirit,
Grimstroke,
Night Stalker,
Pudge,
Shadow Demon,
Sven,
Vengeful Spirit","Anti-Mage,
Bloodseeker,
Bristleback,
Invoker,
Morphling,
Necrophos,
Queen of Pain,
Razor,
Rubick,
Slark,
Storm Spirit,
Weaver","Disruptor,
Enigma,
Invoker,
Jakiro,
Kunkka,
Lich,
Outworld Devourer,
Phoenix,
Witch Doctor"
Gyrocopter,"Anti-Mage,
Arc Warden,
Huskar,
Faceless Void,
Juggernaut,
Lina,
Lifestealer,
Omniknight,
Queen of Pain,
Timbersaw","Meepo,
Undying,
Phantom Lancer,
Chaos Knight,
Terrorblade","Bloodseeker,
Disruptor,
Earthshaker,
Enigma,
Magnus,
Morphling,
Rubick,
Warlock"
Juggernaut,"Axe,
Bane,
Chaos Knight,
Doom,
Faceless Void,
Omniknight,
Outworld Devourer,
Ursa,
Pudge,
Legion Commander,
Windranger","Dark Willow,
Invoker,
Keeper of the Light,
Necrophos,
Phoenix,
Templar Assassin,
Zeus","Crystal Maiden,
Dazzle,
Shadow Shaman,
Venomancer,
Zeus"
Lone Druid,"Phantom Assassin,
Faceless Void,
Grimstroke,
Legion Commander,
Lich,
Slark,
Tinker","Nature's Prophet,
Silencer","Beastmaster,
Lycan,
Ogre Magi,
Omniknight"
Luna,"Bristleback,
Broodmother,
Juggernaut,
Lina,
Meepo,
Phantom Lancer,
Pudge,
Sniper,
Slark,
Techies,
Tinker,
Zeus","Arc Warden,
Bane,
Bounty Hunter,
Chen,
Enchantress,
Riki,
Legion Commander,
Lifestealer,
Magnus,
Necrophos,
Pugna,
Riki,
Tidehunter,
Underlord,
Winter Wyvern","Crystal Maiden,
Keeper of the Light,
Night Stalker,
Vengeful Spirit,
Shadow Demon"
Medusa,"Anti-Mage,
Arc Warden,
Axe,
Bane,
Invoker,
Meepo,
Nyx Assassin,
Phantom Lancer,
Pugna,
Slark,
Sniper","Enchantress,
Lifestealer,
Morphling,
Necrophos,
Sven,
Undying,
Enigma,
Axe,
Spectre","Axe,
Earthshaker,
Keeper of the Light,
Lich,
Phoenix,
Shadow Demon"
Meepo,"Axe,
Earthshaker,
Elder Titan,
Ember Spirit,
Kunkka,
Lion,
Mars,
Monkey King,
Pangolier,
Phantom Assassin,
Sven,
Techies,
Terrorblade,
Venomancer,
Viper,
Winter Wyvern","Anti-Mage,
Legion Commander,
Phantom Lancer,
Phoenix,
Queen of Pain,
Shadow Demon,
Storm Spirit","Disruptor,
Kunkka,
Silencer,
Sven,
Dazzle"
Mirana,"Abaddon,
Arc Warden,
Bloodseeker,
Lina,
Lycan,
Meepo,
Night Stalker,
Puck,
Slark,
Windranger","Crystal Maiden,
Drow Ranger,
Techies,
Witch Doctor","Axe,
Bane,
Batrider,
Clockwerk,
Shadow Demon,
Sven,
Underlord"
Monkey King,"Enchantress,
Batrider,
Beastmaster,
Bounty Hunter,
Brewmaster,
Clockwerk,
Disruptor,
Earth Spirit,
Enigma,
Huskar,
Keeper of the Light,
Lina,
Magnus,
Pangolier,
Phantom Assassin,
Pudge,
Queen of Pain,
Slardar,
Spectre,
Spirit Breaker,
Storm Spirit,
Techies,
Timbersaw,
Vengeful Spirit,
Venomancer,
Viper,
Visage,
Windranger","Alchemist,
Drow Ranger,
Omniknight,
Nature's Prophet,
Shadow Fiend,
Spectre,
Silencer,
Timbersaw,
Underlord,
Skywrath Mage,
Witch Doctor","Beastmaster,
Crystal Maiden,
Dark Seer,
Elder Titan,
Keeper of the Light,
Magnus,
Nature's Prophet,
Oracle,
Puck,
Treant Protector"
Morphling,"Ancient Apparition,
Anti-Mage,
Arc Warden,
Earth Spirit,
Elder Titan,
Lion,
Meepo,
Mirana,
Outworld Devourer,
Rubick,
Skywrath Mage","Lifestealer,
Bloodseeker,
Clockwerk,
Drow Ranger,
Lone Druid,
Razor,
Sniper","Drow Ranger,
Earthshaker,
Tiny,
Pugna,
Keeper of the Light,
Crystal Maiden"
Naga Siren,"Axe,
Batrider,
Enchantress,
Earthshaker,
Huskar,
Lion,
Outworld Devourer,
Timbersaw,
Zeus","Abaddon,
Omniknight,
Nature's Prophet,
Legion Commander,
Templar Assassin,
Crystal Maiden,
Chen,
Bounty Hunter,
Viper,
Night Stalker,
Enigma,
Magnus,
Arc Warden,
Sniper,
Rubick","Dazzle,
Disruptor,
Kunkka,
Razor,
Tidehunter"
Nyx Assassin,"Bounty Hunter,
Bloodseeker,
Juggernaut,
Visage,
Lifestealer,
Slardar","Crystal Maiden,
Enigma,
Ember Spirit,
Medusa,
Outworld Devourer,
Phoenix,
Puck,
Pugna,
Sniper,
Storm Spirit,
Tinker","Invoker,
Legion Commander,
Lifestealer,
Bloodseeker"
Pangolier,"Bloodseeker,
Centaur Warrunner,
Faceless Void,
Grimstroke,
Medusa,
Outworld Devourer,
Puck,
Slark,
Spirit Breaker,
Tusk","Arc Warden,
Broodmother,
Meepo,
Phantom Lancer,
Templar Assassin,
Visage","Abaddon,
Batrider,
Clockwerk,
Dark Seer,
Earth Spirit,
Jakiro,
Keeper of the Light,
Undying"
Phantom Assassin,"Axe,
Bane,
Broodmother,
Centaur Warrunner,
Dragon Knight,
Lina,
Lion,
Morphling,
Omniknight,
Phoenix,
Puck,
Razor,
Skywrath Mage,
Spectre,
Timbersaw,
Tinker,
Viper","Anti-Mage,
Crystal Maiden,
Dazzle,
Nature's Prophet,
Riki,
Sniper","Ancient Apparition,
Beastmaster,
Magnus,
Omniknight,
Slardar,
Vengeful Spirit"
Phantom Lancer,"Axe,
Bristleback,
Centaur Warrunner,
Dragon Knight,
Earthshaker,
Ember Spirit,
Gyrocopter,
Kunkka,
Legion Commander,
Leshrac,
Meepo,
Magnus,
Pangolier,
Phoenix,
Puck,
Razor,
Sand King,
Storm Spirit,
Sven,
Tidehunter,
Witch Doctor","Arc Warden,
Bounty Hunter,
Chaos Knight,
Clockwerk,
Disruptor,
Lifestealer,
Lone Druid,
Shadow Demon,
Slark,
Templar Assassin,
Undying,
Ursa,
Viper,
Visage,
Wraith King","Bane,
Crystal Maiden,
Dazzle,
Jakiro,
Keeper of the Light,
Oracle,
Shadow Shaman,
Slardar,
Spirit Breaker,
Undying,
Venomancer"
Razor,"Anti-Mage,
Chaos Knight,
Centaur Warrunner,
Earth Spirit,
Necrophos,
Outworld Devourer,
Queen of Pain,
Slark,
Sniper,
Weaver","Bristleback,
Earthshaker,
Lifestealer,
Monkey King,
Phantom Assassin,
Spirit Breaker,
Troll Warlord,
Windranger","Death Prophet,
Shadow Demon,
Outworld Devourer,
Bane,
Naga Siren"
Riki,"Axe,
Bounty Hunter,
Bristleback,
Legion Commander,
Meepo,
Omniknight,
Razor,
Slardar,
Spectre,
Viper,
Zeus","Anti-Mage,
Chen,
Clinkz,
Crystal Maiden,
Drow Ranger,
Lifestealer,
Queen of Pain,
Storm Spirit,
Skywrath Mage,
Sniper,
Ursa,
Weaver","Faceless Void,
Lifestealer,
Meepo,
Dark Seer,
Magnus,
Enigma,
Axe"
Shadow Fiend,"Axe,
Bane,
Bounty Hunter,
Disruptor,
Doom,
Dragon Knight,
Night Stalker,
Pugna,
Sniper,
Spirit Breaker,
Tinker,
Ursa,
Tidehunter,
Viper,
Zeus","Clockwerk,
Meepo,
Nature's Prophet,
Silencer,
Slark","Bane,
Clockwerk,
Enigma,
Legion Commander,
Magnus,
Slardar,
Tidehunter,
Vengeful Spirit"
Slark,"Ancient Apparition,
Axe,
Bloodseeker,
Centaur Warrunner,
Chaos Knight,
Disruptor,
Earthshaker,
Faceless Void,
Leshrac,
Lone Druid,
Meepo,
Omniknight,
Outworld Devourer,
Phantom Lancer,
Puck,
Tiny","Arc Warden,
Drow Ranger,
Luna,
Medusa,
Phantom Assassin,
Rubick,
Sniper,
Spectre,
Storm Spirit,
Templar Assassin,
Warlock","Bane,
Earthshaker,
Luna,
Magnus,
Kunkka,
Omniknight,
Skywrath Mage,
Underlord,
Witch Doctor"
Sniper,"Axe,
Bloodseeker,
Bounty Hunter,
Centaur Warrunner,
Clockwerk,
Ember Spirit,
Invoker,
Lifestealer,
Omniknight,
Phantom Assassin,
Phantom Lancer,
Pudge,
Slardar,
Slark,
Spectre,
Spirit Breaker,
Storm Spirit,
Tusk,
Viper,
Weaver","Drow Ranger,
Earthshaker,
Enigma,
Medusa,
Silencer,
Shadow Fiend,
Undying","Ogre Magi,
Lich,
Bloodseeker"
Spectre,"Anti-Mage,
Doom,
Juggernaut,
Lion,
Lycan,
Meepo,
Necrophos,
Omniknight,
Pugna,
Riki,
Shadow Shaman,
Storm Spirit,
Terrorblade,
Undying,
Venomancer,
Viper,
Winter Wyvern","Ancient Apparition,
Clinkz,
Crystal Maiden,
Drow Ranger,
Earthshaker,
Lina,
Magnus,
Nature's Prophet,
Rubick,
Sniper,
Tinker,
Windranger","Bloodseeker,
Bounty Hunter,
Chen,
Clockwerk,
Earthshaker,
Enigma,
Leshrac,
Magnus,
Outworld Devourer,
Treant Protector,
Warlock,
Pudge"
Templar Assassin,"Arc Warden,
Venomancer,
Viper,
Dragon Knight,
Pudge,
Huskar,
Razor",Shadow Fiend,"Slardar,
Elder Titan"
Terrorblade,"Earth Spirit,
Axe,
Elder Titan,
Ursa,
Lina,
Dark Seer,
Shadow Shaman,
Ember Spirit,
Dazzle,
Necrophos,
Outworld Devourer,
Razor,
Sven,
Tinker,
Zeus,
Timbersaw","Ancient Apparition,
Bane,
Viper,
Techies,
Shadow Fiend,
Pudge,
Anti-Mage,
Sniper,
Lifestealer,
Vengeful Spirit","Dazzle,
Oracle,
Shadow Demon"
Troll Warlord,"Axe,
Bane,
Chaos Knight,
Crystal Maiden,
Lich,
Oracle,
Outworld Devourer,
Razor,
Sniper,
Timbersaw,
Underlord,
Winter Wyvern","Anti-Mage,
Huskar,
Juggernaut,
Lifestealer,
Phantom Assassin,
Phoenix,
Sven,
Undying",Slardar
Ursa,"Anti-Mage,
Bane,
Doom,
Lion,
Riki,
Slark,
Storm Spirit,
Templar Assassin,
Viper,
Weaver,
Windranger","Lifestealer,
Lina,
Timbersaw,
Huskar,
Medusa,
Bristleback,
Underlord,
Pudge","Bristleback,
Dazzle,
Io,
Disruptor,
Shadow Shaman,
Lion,
Bane"
Vengeful Spirit,"Anti-Mage,
Lina,
Nyx Assassin,
Phantom Lancer,
Rubick,
Spirit Breaker,
Tidehunter,
Viper","Batrider,
Clockwerk,
Faceless Void,
Huskar,
Meepo,
Monkey King","Techies,
Shadow Fiend,
Slardar,
Drow Ranger,
Mirana,
Bloodseeker,
Crystal Maiden,
Weaver"
Venomancer,"Abaddon,
Anti-Mage,
Huskar,
Legion Commander,
Oracle,
Rubick,
Slark,
Terrorblade,
Underlord,
Wraith King","Axe,
Earthshaker,
Magnus,
Mars,
Monkey King,
Spectre,
Templar Assassin,
Techies,
Windranger","Ancient Apparition,
Undying"
Viper,"Broodmother,
Chaos Knight,
Clinkz,
Invoker,
Lifestealer,
Phantom Lancer,
Pugna,
Rubick,
Terrorblade,
Weaver,
Windranger,
Wraith King","Abaddon,
Axe,
Bristleback,
Dragon Knight,
Earthshaker,
Huskar,
Magnus,
Mars,
Monkey King,
Necrophos,
Nyx Assassin,
Razor,
Slark,
Spectre,
Templar Assassin,
Tidehunter,
Vengeful Spirit,
Venomancer,
Visage,
Zeus","Abaddon,
Beastmaster,
Clockwerk,
Crystal Maiden,
Dark Seer,
Dazzle,
Drow Ranger,
Earth Spirit,
Faceless Void,
Lich,
Luna,
Necrophos,
Ogre Magi,
Slardar,
Treant Protector"
Weaver,"Axe,
Bloodseeker,
Drow Ranger,
Faceless Void,
Night Stalker,
Nyx Assassin,
Skywrath Mage,
Slardar,
Zeus","Ancient Apparition,
Brewmaster,
Lifestealer,
Undying,
Pudge,
Sven,
Ursa,
Wraith King","Crystal Maiden,
Alchemist,
Vengeful Spirit"
Ancient Apparition,"Anti-Mage,
Brewmaster,
Legion Commander,
Mirana,
Oracle,
Phantom Lancer,
Phoenix,
Terrorblade,
Viper,
Weaver","Abaddon,
Alchemist,
Chen,
Dazzle,
Death Prophet,
Huskar,
Io","Faceless Void,
Meepo,
Shadow Demon,
Slark"
Bane,"Abaddon,
Pudge,
Luna,
Rubick,
Slark","Faceless Void,
Juggernaut,
Legion Commander,
Medusa,
Phantom Assassin","Doom,
Grimstroke,
Kunkka,
Mirana,
Omniknight,
Pudge,
Razor,
Skywrath Mage"
Batrider,"Abaddon,
Kunkka,
Legion Commander,
Nyx Assassin,
Oracle,
Tidehunter,
Ursa,
Vengeful Spirit,
Venomancer,
Weaver,
Slark","Chen,
Meepo,
Monkey King,
Naga Siren,
Techies,
Templar Assassin,
Treant Protector","Ursa,
Pugna,
Skywrath Mage,
Pudge"
Chen,"Enchantress,
Earthshaker,
Legion Commander,
Sven,
Lina,
Luna,
Monkey King,
Venomancer,
Abaddon,
Jakiro,
Sand King,
Timbersaw,
Necrophos,
Death Prophet,
Dark Seer,
Broodmother,
Alchemist,
Razor,
Phoenix,
Shadow Shaman,
Elder Titan,
Batrider,
Ancient Apparition,
Underlord,
Witch Doctor","Techies,
Arc Warden,
Visage,
Clockwerk","Vengeful Spirit,
Lycan"
Crystal Maiden,"Bounty Hunter,
Bristleback,
Clockwerk,
Doom,
Earth Spirit,
Jakiro,
Legion Commander,
Luna,
Naga Siren,
Nyx Assassin,
Tidehunter,
Tusk,
Visage","Slark,
Phantom Assassin,
Templar Assassin","Juggernaut,
Timbersaw,
Sven"
Dark Seer,"Anti-Mage,
Ember Spirit,
Oracle,
Sniper","Broodmother,
Templar Assassin,
Treant Protector,
Meepo,
Terrorblade,
Venomancer","Bounty Hunter,
Elder Titan,
Enigma,
Riki,
Sven,
Venomancer"
Dark Willow,"Anti-Mage,
Axe,
Bristleback,
Drow Ranger,
Ember Spirit,
Juggernaut,
Lifestealer,
Nyx Assassin,
Oracle,
Puck,
Pudge,
Riki,
Silencer,
Storm Spirit","Bloodseeker,
Faceless Void,
Monkey King,
Meepo,
Spirit Breaker,
Timbersaw,
Troll Warlord,
Windranger","Mars,
Rubick,
Ember Spirit,
Invoker,
Juggernaut,
Lina,
Mirana,
Phoenix,
Puck,
Warlock,
Weaver,
Axe"
Dazzle,"Ancient Apparition,
Axe,
Morphling,
Naga Siren,
Outworld Devourer,
Phantom Lancer,
Silencer,
Doom","Clockwerk,
Necrophos,
Venomancer","Brewmaster,
Broodmother,
Huskar,
Meepo,
Naga Siren,
Phantom Lancer"
Death Prophet,"Ancient Apparition,
Anti-Mage,
Doom,
Legion Commander,
Omniknight,
Shadow Fiend","Zeus,
Invoker,
Morphling,
Timbersaw,
Nature's Prophet","Enigma,
Faceless Void"
Disruptor,"Abaddon,
Kunkka,
Juggernaut,
Lifestealer,
Omniknight,
Phantom Lancer,
Pugna,
Sniper,
Viper","Slark,
Queen of Pain,
Anti-Mage,
Tidehunter,
Storm Spirit,
Io","Zeus,
Anti-Mage,
Keeper of the Light,
Elder Titan,
Warlock,
Clinkz"
Enchantress,"Razor,
Broodmother,
Chen,
Crystal Maiden,
Juggernaut,
Lina,
Luna,
Meepo,
Riki,
Timbersaw,
Troll Warlord,
Venomancer,
Windranger","Ember Spirit,
Lycan,
Omniknight,
Spirit Breaker,
Lifestealer,
Sven,
Ursa","Legion Commander,
Lich,
Io,
Warlock"
Enigma,"Abaddon,
Anti-Mage,
Bloodseeker,
Bristleback,
Clinkz,
Clockwerk,
Doom,
Medusa,
Pudge,
Riki,
Rubick,
Silencer,
Sniper,
Spectre,
Storm Spirit,
Vengeful Spirit,
Warlock,
Winter Wyvern,
Wraith King,
Zeus","Chaos Knight,
Crystal Maiden,
Huskar,
Juggernaut,
Lifestealer,
Monkey King,
Omniknight,
Venomancer","Ancient Apparition,
Axe,
Crystal Maiden,
Dark Seer,
Dazzle,
Earthshaker,
Magnus,
Naga Siren,
Outworld Devourer,
Phoenix,
Sand King,
Treant Protector,
Warlock,
Witch Doctor"
Grimstroke,"Huskar,
Omniknight,
Phoenix,
Riki,
Rubick,
Shadow Demon,
Silencer,
Sniper,
Vengeful Spirit",None,"Doom,
Bane,
Bloodseeker,
Bounty Hunter,
Crystal Maiden,
Lich,
Lion,
Lina,
Necrophos,
Phoenix,
Pugna,
Slark,
Witch Doctor"
Invoker,"Anti-Mage,
Broodmother,
Faceless Void,
Juggernaut,
Kunkka,
Lifestealer,
Night Stalker,
Nyx Assassin,
Outworld Devourer,
Queen of Pain,
Silencer,
Storm Spirit,
Templar Assassin,
Viper","Huskar,
Legion Commander,
Medusa,
Necrophos,
Pugna,
Tinker,
Wraith King","Bloodseeker,
Dark Seer,
Disruptor,
Magnus,
Nature's Prophet,
Faceless Void,
Legion Commander"
Jakiro,"Anti-Mage,
Clockwerk,
Lifestealer,
Oracle,
Rubick,
Silencer,
Skywrath Mage","Axe,
Broodmother,
Chen,
Chaos Knight,
Meepo,
Nature's Prophet,
Phantom Lancer,
Riki,
Templar Assassin,
Treant Protector","Dark Seer,
Faceless Void,
Kunkka,
Magnus,
Shadow Demon,
Treant Protector"
Keeper of the Light,"Legion Commander,
Lifestealer,
Night Stalker,
Nyx Assassin","Monkey King,
Wraith King","Mars,
Medusa,
Lina,
Luna,
Pudge"
Leshrac,"Pugna,
Anti-Mage,
Clockwerk,
Lifestealer,
Nyx Assassin,
Oracle","Meepo,
Visage,
Chen,
Broodmother,
Io,
Shadow Demon,
Phantom Lancer","Dark Seer,
Enigma,
Magnus,
Oracle"
Lich,"Anti-Mage,
Broodmother,
Huskar,
Lycan,
Nature's Prophet,
Phantom Assassin,
Queen of Pain,
Weaver","Meepo,
Chaos Knight,
Lone Druid","Magnus,
Treant Protector,
Witch Doctor,
Faceless Void,
Enigma,
Axe,
Grimstroke"
Lina,"Anti-Mage,
Faceless Void,
Lifestealer,
Nyx Assassin,
Phantom Lancer,
Silencer,
Slark,
Spectre,
Sven,
Viper,
Razor","Ancient Apparition,
Crystal Maiden,
Dazzle,
Enchantress,
Meepo,
Mirana,
Morphling,
Necrophos,
Pudge,
Treant Protector,
Venomancer","Shadow Demon,
Sven,
Pugna,
Bane"
Lion,"Abaddon,
Lifestealer,
Puck,
Rubick,
Slark,
Nyx Assassin,
Tidehunter","Drow Ranger,
Ember Spirit,
Enchantress,
Medusa,
Phantom Assassin,
Weaver,
Wraith King","Anti-Mage,
Centaur Warrunner,
Leshrac,
Tinker,
Ursa"
Nature's Prophet,"Batrider,
Broodmother,
Clockwerk,
Death Prophet,
Doom,
Earthshaker,
Elder Titan,
Faceless Void,
Lina,
Luna,
Meepo,
Naga Siren,
Sand King,
Spectre,
Spirit Breaker,
Storm Spirit,
Timbersaw,
Tinker","Bane,
Lich,
Monkey King,
Techies,
Venomancer","Bloodseeker,
Invoker,
Lycan,
Windranger,
Riki,
Mars"
Necrophos,"Ancient Apparition,
Nyx Assassin,
Dazzle,
Lina,
Lion,
Meepo,
Oracle,
Phantom Lancer,
Rubick,
Shadow Demon","Axe,
Bristleback,
Huskar,
Phoenix,
Pudge,
Sven,
Tidehunter","Abaddon,
Axe,
Grimstroke,
Earthshaker,
Legion Commander,
Pugna"
Ogre Magi,"Chaos Knight,
Doom,
Lifestealer,
Meepo,
Phantom Lancer,
Omniknight,
Oracle,
Slark,
Viper","Earthshaker,
Io,
Nature's Prophet,
Templar Assassin,
Treant Protector,
Weaver","Juggernaut,
Shadow Fiend,
Sniper,
Sven,
Wraith King"
Oracle,"Anti-Mage,
Axe,
Bristleback,
Faceless Void,
Shadow Demon,
Spectre","Ember Spirit,
Legion Commander,
Dark Willow,
Omniknight,
Rubick,
Ancient Apparition,
Silencer,
Phoenix,
Necrophos,
Dark Seer","Alchemist,
Ancient Apparition,
Death Prophet,
Huskar,
Io,
Legion Commander,
Monkey King,
Shadow Demon,
Timbersaw,
Ursa,
Leshrac,
Troll Warlord,
Necrophos"
Outworld Devourer,"Nyx Assassin,
Rubick,
Silencer,
Sniper,
Templar Assassin","Anti-Mage,
Huskar,
Legion Commander,
Winter Wyvern,
Morphling,
Timbersaw,
Wraith King","Ogre Magi,
Silencer,
Winter Wyvern,
Vengeful Spirit"
Puck,"Arc Warden,
Faceless Void,
Jakiro,
Lycan,
Night Stalker,
Nyx Assassin,
Silencer,
Templar Assassin,
Venomancer,
Wraith King","Void Spirit,
Pangolier,
Crystal Maiden,
Mirana,
Phoenix,
Sniper,
Terrorblade","Dark Willow,
Magnus,
Enigma,
Invoker,
Kunkka,
Phoenix,
Witch Doctor"
Pugna,"Nyx Assassin,
Clockwerk,
Sniper,
Phantom Lancer,
Anti-Mage,
Luna,
Oracle,
Storm Spirit","Enchantress,
Juggernaut,
Outworld Devourer,
Timbersaw,
Leshrac,
Legion Commander,
Shadow Fiend,
Faceless Void,
Invoker,
Skywrath Mage,
Troll Warlord","Grimstroke,
Io,
Legion Commander,
Necrophos,
Medusa,
Phoenix,
Skywrath Mage,
Shadow Shaman"
Queen of Pain,"Anti-Mage,
Arc Warden,
Axe,
Bloodseeker,
Centaur Warrunner,
Death Prophet,
Disruptor,
Faceless Void,
Legion Commander,
Luna,
Meepo,
Night Stalker,
Nyx Assassin,
Puck,
Shadow Shaman,
Skywrath Mage","Drow Ranger,
Enchantress,
Huskar,
Slark","Axe,
Dark Seer,
Enigma,
Faceless Void,
Lifestealer,
Magnus,
Omniknight"
Rubick,"Bristleback,
Broodmother,
Clinkz,
Legion Commander,
Phantom Lancer,
Riki,
Shadow Fiend,
Silencer,
Slark,
Wraith King","Crystal Maiden,
Earthshaker,
Enigma,
Invoker,
Kunkka,
Lich,
Lina,
Lion,
Luna,
Magnus,
Medusa,
Morphling,
Omniknight","Alchemist,
Crystal Maiden,
Morphling"
Shadow Demon,"Ember Spirit,
Leshrac,
Lion,
Phantom Assassin,
Storm Spirit","Alchemist,
Venomancer,
Anti-Mage,
Dark Seer,
Legion Commander,
Omniknight,
Spectre,
Juggernaut,
Luna,
Techies,
Windranger","Ancient Apparition,
Dazzle,
Terrorblade,
Razor"
Shadow Shaman,"Dragon Knight,
Mirana,
Morphling,
Riki,
Wraith King,
Visage","Huskar,
Nature's Prophet,
Spirit Breaker,
Templar Assassin,
Terrorblade,
Weaver","Juggernaut,
Ursa,
Troll Warlord,
Pugna,
Legion Commander,
Monkey King"
Silencer,"Broodmother,
Dragon Knight,
Lycan,
Nyx Assassin,
Phantom Assassin,
Phantom Lancer,
Slark,
Sniper,
Ursa","Bristleback,
Crystal Maiden,
Enigma,
Outworld Devourer,
Pugna,
Shadow Demon,
Timbersaw,
Tinker,
Windranger,
Zeus","Slardar,
Crystal Maiden,
Anti-Mage,
Pudge,
Outworld Devourer"
Skywrath Mage,"Anti-Mage,
Huskar,
Abaddon,
Pugna,
Nyx Assassin,
Wraith King","Timbersaw,
Storm Spirit,
Enchantress,
Alchemist,
Vengeful Spirit,
Winter Wyvern","Faceless Void,
Undying,
Centaur Warrunner,
Pugna,
Silencer,
Legion Commander"
Storm Spirit,"Anti-Mage,
Doom,
Ember Spirit,
Night Stalker,
Nyx Assassin,
Riki,
Silencer,
Techies","Ancient Apparition,
Arc Warden,
Bloodseeker,
Mars,
Monkey King,
Phantom Lancer,
Razor,
Sniper,
Spectre,
Terrorblade,
Tinker,
Vengeful Spirit,
Viper,
Weaver","Keeper of the Light,
Omniknight,
Lifestealer"
Techies,"Abaddon,
Anti-Mage,
Batrider,
Beastmaster,
Chen,
Death Prophet,
Juggernaut,
Lifestealer,
Night Stalker,
Oracle,
Templar Assassin,
Visage,
Wraith King,
Zeus","Ember Spirit,
Meepo,
Monkey King,
Morphling,
Tinker","Batrider,
Crystal Maiden,
Magnus,
Pugna,
Tusk"
Tinker,"Anti-Mage,
Clockwerk,
Dazzle,
Doom,
Legion Commander,
Lifestealer,
Luna,
Night Stalker,
Nyx Assassin,
Pudge,
Silencer,
Slark,
Storm Spirit,
Vengeful Spirit,
Zeus,
Pugna","Bloodseeker,
Chaos Knight,
Faceless Void,
Shadow Fiend,
Terrorblade,
Timbersaw","Faceless Void,
Kunkka,
Nature's Prophet,
Spirit Breaker,
Bloodseeker,
Keeper of the Light,
Bounty Hunter,
Slardar"
Visage,"Axe,
Doom,
Luna,
Tidehunter,
Timbersaw,
Tiny,
Venomancer,
Viper","Clockwerk,
Nature's Prophet,
Puck,
Pudge,
Shadow Shaman,
Spectre","Slardar,
Lifestealer,
Beastmaster,
Elder Titan"
Void Spirit,"Bane,
Bloodseeker,
Bounty Hunter,
Doom,
Ember Spirit,
Meepo,
Puck,
Queen of Pain,
Slardar,
Templar Assassin,
Viper","Broodmother,
Terrorblade,
Pugna,
Gyrocopter,
Morphling,
Monkey King,
Windranger","Keeper of the Light,
Pudge,
Pugna,
Bane,
Bloodseeker"
Warlock,"Weaver,
Anti-Mage,
Bloodseeker,
Silencer,
Dark Seer,
Ember Spirit,
Lycan,
Ancient Apparition,
Nyx Assassin","Huskar,
Meepo,
Templar Assassin,
Shadow Fiend,
Enigma","Sven,
Bloodseeker,
Axe,
Dark Seer,
Magnus,
Enigma,
Silencer,
Spectre"
Windranger,"Axe,
Bloodseeker,
Centaur Warrunner,
Nyx Assassin,
Ember Spirit,
Morphling,
Razor,
Spectre","Earthshaker,
Huskar,
Phantom Assassin,
Pudge,
Ursa",Nature's Prophet
Winter Wyvern,"Ancient Apparition,
Invoker,
Luna,
Naga Siren,
Omniknight,
Outworld Devourer,
Pugna,
Skywrath Mage,
Slark,
Timbersaw,
Tinker,
Undying","Beastmaster,
Chaos Knight,
Lycan,
Legion Commander,
Meepo,
Troll Warlord","Dark Seer,
Enigma,
Magnus,
Venomancer,
Invoker"
Witch Doctor,"Faceless Void,
Lina,
Luna,
Morphling,
Omniknight,
Oracle,
Pudge,
Riki,
Rubick,
Silencer,
Tidehunter,
Vengeful Spirit","Bloodseeker,
Lone Druid,
Lycan,
Monkey King,
Venomancer,
Viper","Enigma,
Faceless Void,
Lich,
Magnus,
Underlord,
Undying"
Zeus,"Anti-Mage,
Faceless Void,
Chaos Knight,
Juggernaut,
Lifestealer,
Meepo,
Pudge,
Pugna,
Silencer,
Ursa,
Viper","Slardar,
Enchantress,
Timbersaw,
Bounty Hunter,
Winter Wyvern,
Lich,
Necrophos,
Tinker","Ancient Apparition,
Bloodseeker,
Dazzle,
Tidehunter"
